Date,Price,prix_log,interpolate,interpolate_log
2015-01-11,275.97,5.620292164157176,183.79050979987113,5.213796575290779
2015-01-14,222.0,5.402677381872279,185.56209798664935,5.223389586063696
2015-01-17,208.13,5.33816288447016,187.34783332113335,5.232966960300303
2015-01-20,216.01,5.375324702908821,189.14780545915312,5.242528748892532
2015-01-23,233.51,5.453224902744384,190.96210447743618,5.252075002484283
2015-01-26,254.32,5.538593316602547,192.79082087488578,5.261605771472979
2015-01-29,236.2,5.464678903763262,194.63404557387622,5.271121106011208
2015-02-01,219.25,5.390212631252292,196.4918699215466,5.280621056008314
2015-02-04,227.53,5.4272820978290355,198.36438569108586,5.29010567113194
2015-02-07,222.36,5.404297690085269,200.25168508302508,5.299575000809568
2015-02-10,219.93,5.393309313903605,202.15386072654664,5.309029094230141
2015-02-13,222.33,5.404162764631377,204.07100568076538,5.318468000345504
2015-02-16,234.18,5.4560900504205785,206.00321343604082,5.327891767871996
2015-02-19,237.44,5.469914959979016,207.95057791526798,5.337300445291902
2015-02-22,245.41,5.502930281242811,209.91319347519294,5.346694080855009
2015-02-25,239.94,5.480388892086782,211.89115490770598,5.356072722580038
2015-02-28,252.11,5.529865500206057,213.8845574411556,5.365436418256145
2015-03-03,275.87,5.619929740262226,215.89349674165624,5.374785215444383
2015-03-06,273.11,5.609874644433234,217.9180689143927,5.38411916147912
2015-03-09,275.0,5.616771097666572,219.9583705049426,5.393438303469523
2015-03-12,296.56,5.692249558842477,222.0144985005864,5.402742688300968
2015-03-15,282.2,5.642616039418714,224.0865503316152,5.412032362636417
2015-03-18,284.48,5.65066295232554,226.17462387266497,5.421307372917894
2015-03-21,262.1,5.568726110329361,228.2788174440202,5.430567765367812
2015-03-24,265.99,5.5834587140900656,230.3992298129442,5.439813585990386
2015-03-27,249.23,5.518376164900322,232.53596019500247,5.4490448805730125
2015-03-30,242.34,5.490341698803377,234.68910825538197,5.4582616946876
2015-04-02,246.49,5.5073214247085245,236.85877411022668,5.467464073691957
2015-04-05,253.67,5.536034209711707,239.045058327957,5.476652062731091
2015-04-08,253.9,5.536940488710632,241.24806193060888,5.485825706738574
2015-04-11,236.0,5.4638318050256105,243.46788639516018,5.494985050437833
2015-04-14,223.01,5.407216613504026,245.70463365486637,5.50413013834347
2015-04-17,227.5,5.427150238391005,247.9584061006008,5.51326101476257
2015-04-20,222.61,5.4054213614622375,250.22930658218493,5.522377723795962
2015-04-23,233.59,5.4535674418185955,252.51743840973555,5.531480309339528
2015-04-26,226.29,5.421817362533649,254.82290535500366,5.540568815085457
2015-04-29,225.2,5.4169888962655355,257.1458116527122,5.5496432845234835
2015-05-02,230.97,5.442287831958068,259.48626200191285,5.55870376094218
2015-05-05,238.25,5.473320542534312,261.84436156732284,5.567750287430158
2015-05-08,237.16,5.468735018839167,264.2202159806797,5.57678290687732
2015-05-11,239.11,5.47692369709451,266.61393134208663,5.585801661976056
2015-05-14,235.97,5.463704678301283,269.0256142213718,5.594806595222487
2015-05-17,236.63,5.46649773978696,271.45537165943495,5.6037977489176285
2015-05-20,231.4,5.444147814759576,273.9033111696134,5.612775165168628
2015-05-23,238.8,5.475626381518447,276.36954073902564,5.62173888588989
2015-05-26,235.59,5.462093006054893,278.85416882994986,5.63068895280432
2015-05-29,236.44,5.465694475956169,281.3573043811701,5.639625407444434
2015-06-01,228.34,5.4308357462481816,283.87905680934,5.648548291153517
2015-06-04,225.4,5.417876601605676,286.419536010361,5.657457645086815
2015-06-07,224.99,5.416055956772293,288.97885236073665,5.66635351021263
2015-06-10,228.88,5.433197848741854,291.5571167189516,5.675235927313487
2015-06-13,229.6,5.436338664445412,294.1544404268283,5.684104936987204
2015-06-16,236.0,5.4638318050256105,296.7709353109142,5.692960579648059
2015-06-19,248.26,5.514476584087801,299.40671368384903,5.7018028955278695
2015-06-22,243.55,5.495322260252552,302.0618883457382,5.710631924677081
2015-06-25,240.2,5.481471909645883,304.7365725855386,5.71944770696588
2015-06-28,251.21,5.526289242718887,307.4308801824342,5.728250282085263
2015-07-01,262.43,5.569984379803134,310.1449254072155,5.737039689548098
2015-07-04,256.12,5.545646084650602,312.8788230236615,5.745815968690188
2015-07-07,268.53,5.592962639550957,315.6326882899362,5.754579158671362
2015-07-10,269.0,5.594711379601839,318.4066369599618,5.763329298476478
2015-07-13,310.55,5.738344919005312,321.2007852848148,5.7720664269164885
2015-07-16,285.66,5.654802292434482,324.0152500141162,5.780790582629471
2015-07-19,276.74,5.623078437241238,326.8501483974231,5.789501804081652
2015-07-22,276.76,5.623150704630611,329.7055981856227,5.798200129568421
2015-07-25,289.0,5.666426688112432,332.5817176323279,5.8068855972153415
2015-07-28,293.93,5.683341643751415,335.47862549527497,5.815558244979151
2015-07-31,288.45,5.664521760702899,338.39644103773236,5.824218110648786
2015-08-03,282.26,5.642828631985861,341.3352840298787,5.832865231846299
2015-08-06,281.0,5.638354669333745,344.2952747502394,5.841499646027934
2015-08-09,262.22,5.5691838460712555,347.2765339870603,5.850121390485015
2015-08-12,270.98,5.602045017418285,350.27918303973445,5.858730502344962
2015-08-15,265.93,5.583233116254847,353.3033437202031,5.867327018572233
2015-08-18,256.66,5.547752251816315,356.3491383543689,5.875910975969283
2015-08-21,235.31,5.460903793767789,359.4166897835032,5.884482411177494
2015-08-24,228.14,5.429959475599752,362.5061213656726,5.893041360678147
2015-08-27,225.04,5.416278164181602,365.61755697714204,5.90158786079332
2015-08-30,229.63,5.436469317930779,368.7511210137921,5.910121947686811
2015-09-02,227.97,5.429214041349804,371.90693839255357,5.918643657365095
2015-09-05,230.73,5.441248195737072,375.08513455281525,5.9271530256782015
2015-09-08,240.47,5.482595341640379,378.2858354578434,5.935650088320607
2015-09-11,238.81,5.475668256688571,381.5091675962298,5.944134880832195
2015-09-14,230.0,5.438079308923196,384.75525798329295,5.952607438599081
2015-09-17,228.33,5.43079195094741,388.0242341625131,5.961067796854515
2015-09-20,230.25,5.439165675135416,391.316224206977,5.969515990679795
2015-09-23,230.42,5.439903730609908,394.6313567207973,5.977952055005112
2015-09-26,235.22,5.460521246422891,397.96976084054086,5.986376024610394
2015-09-29,239.14,5.477049154491434,401.331566236684,5.994787934126222
2015-10-02,238.03,5.472396716147956,404.7169031150327,6.00318781803464
2015-10-05,238.4,5.473949935191195,408.12590221817277,6.011575710670023
2015-10-08,243.01,5.493102594757191,411.5586948269033,6.0199516462199085
2015-10-11,245.72,5.504192676295727,415.01541276168143,6.02831565872583
2015-10-14,249.98,5.521380914662076,418.49618838407594,6.036667782084173
2015-10-17,262.26,5.569336378103278,422.00115459820245,6.045008050046967
2015-10-20,263.59,5.574394865641683,425.5304448521746,6.0533364962227125
2015-10-23,274.35,5.614404663504985,429.0841931395646,6.06165315407722
2015-10-26,282.8,5.644739934022418,432.66253400083946,6.069958056934375
2015-10-29,304.79,5.719623014875334,436.26560252482716,6.078251237976971
2015-11-01,310.18,5.737152774131307,439.8935343501636,6.086532730247484
2015-11-04,404.5,6.002651736498547,443.5464656667586,6.09480256664888
2015-11-07,373.69,5.923426576700698,447.22453321725146,6.103060779945395
2015-11-10,380.62,5.9418015020888815,450.9278742984697,6.111307402763302
2015-11-13,340.81,5.831325137247676,454.6566267628893,6.119542467591685
2015-11-16,318.97,5.7650970544752935,458.4109290201153,6.12776600678324
2015-11-19,333.66,5.810122510427528,462.19092003832804,6.135978052554989
2015-11-22,326.31,5.787847849773868,465.99673934576225,6.144178636989068
2015-11-25,319.64,5.767195362506262,469.8285270321748,6.152367792033466
2015-11-28,358.0,5.8805329864007,473.68642375032925,6.160545549502807
2015-12-01,377.27,5.932961111484582,477.5705707174354,6.16871194107901
2015-12-04,361.47,5.890179050603295,481.4811097166656,6.176866998312121
2015-12-07,387.3,5.959199586520707,485.41818309860616,6.1850107526209825
2015-12-10,416.49,6.0318624517148205,489.38193378274514,6.193143235293981
2015-12-13,436.2,6.078100853767529,493.37250525895206,6.201264477489765
2015-12-16,463.98,6.139841447848999,497.39004158896114,6.209374510237964
2015-12-19,463.0,6.137727054086234,501.4346874078517,6.21747336443989
2015-12-22,438.35,6.083017678034595,505.5065879255475,6.225561070869269
2015-12-25,456.0,6.1224928095143865,509.60588892828406,6.233637660172903
2015-12-28,422.42,6.046000079755996,513.7327367801129,6.241703162871396
2015-12-31,428.23,6.059660434420735,517.8872784243987,6.249757609359854
2016-01-03,432.76,6.070183301819372,522.0696613852889,6.257801029908528
2016-01-06,432.43,6.069420463561873,526.2800337692413,6.265833454663557
2016-01-09,452.64,6.115097107553257,530.5185442664903,6.27385491364759
2016-01-12,447.98,6.10474858856132,534.7853421525687,6.281865436760498
2016-01-15,429.55,6.0627381490840655,539.080577289797,6.2898650537800265
2016-01-18,380.16,5.940592216734226,543.4044001287883,6.29785379436246
2016-01-21,420.35,6.041087697581306,547.7569617099444,6.30583168804327
2016-01-24,385.09,5.953477073202482,552.138413664985,6.313798764237809
2016-01-27,391.66,5.9703941164886905,556.5489082184336,6.321755052241926
2016-01-30,378.18,5.935370272753074,560.9885981891275,6.329700581232608
2016-02-02,371.99,5.918866972191396,565.4576369917473,6.337635380268658
2016-02-05,388.0,5.961005339623274,569.9561786383115,6.3455594782913
2016-02-08,375.0,5.926926025970411,574.4843777396985,6.353472904124821
2016-02-11,379.14,5.937905530013419,579.042389507166,6.36137568647721
2016-02-14,389.88,5.9658389994690095,583.6303697538694,6.3692678539407765
2016-02-17,407.0,6.008813185442595,588.2484748963724,6.377149434992759
2016-02-20,419.98,6.040207091095972,592.8968619561911,6.385020457995978
2016-02-23,436.76,6.079383845145865,597.575688561284,6.392880951199388
2016-02-26,423.46,6.04845905862779,602.2851129476082,6.40073094273874
2016-02-29,431.89,6.068170926190852,607.025293960643,6.408570460637179
2016-03-03,422.5,6.046189446797229,611.7963910568958,6.416399532805805
2016-03-06,399.17,5.989387391312783,616.598564305468,6.424218187044325
2016-03-09,412.15,6.0213873607592365,621.4319743895517,6.432026451041587
2016-03-12,420.11,6.040516581748254,626.2967826079957,6.43982435237622
2016-03-15,414.99,6.028254423554833,631.193150876828,6.447611918517197
2016-03-18,418.49,6.036652994781439,636.1212417307862,6.455389176824397
2016-03-21,411.81,6.020562077931678,641.0812183248657,6.463156154549203
2016-03-24,417.96,6.03538573416591,646.0732444358819,6.470912878835101
2016-03-27,416.96,6.03299029393648,651.0974844639668,6.478659376718177
2016-03-30,415.83,6.030276522893371,656.1541034341633,6.48639567512776
2016-04-02,416.31,6.031430175051029,661.2432669979348,6.494121800886923
2016-04-05,419.71,6.039563996598466,666.365141434744,6.501837780713089
2016-04-08,419.95,6.040135656571636,671.5198936535761,6.509543641218542
2016-04-11,420.75,6.042038833070915,676.7076911945167,6.517239408911017
2016-04-14,423.87,6.049426804445826,681.9287022302875,6.524925110194218
2016-04-17,430.58,6.0651331370331825,687.1830955678145,6.532600771368379
2016-04-20,435.95,6.077527557873824,692.4710406497808,6.5402664186308
2016-04-23,447.7,6.10412336524692,697.7927075561796,6.547922078076368
2016-04-26,462.5,6.1366465569524795,703.1482670058896,6.555567775698115
2016-04-29,449.98,6.109203137332237,708.537890358221,6.5632035373877216
2016-05-02,453.0,6.115892125483034,713.961749614511,6.570829388936083
2016-05-05,446.84,6.102200588702647,719.4200174196568,6.578445356033789
2016-05-08,459.02,6.12909378209602,724.9128670636898,6.586051464271648
2016-05-11,450.78,6.110979415609124,730.440472483367,6.5936477391412325
2016-05-14,455.82,6.122097994743185,736.0030082637337,6.601234206035379
2016-05-17,454.0,6.118097198041348,741.600649639683,6.608810890248677
2016-05-20,436.05,6.077756915672994,747.2335724975454,6.6163778169779945
2016-05-23,438.47,6.0832913944205105,752.9019533766638,6.623935011322978
2016-05-26,448.7,6.106354512981937,758.6059694709802,6.631482498286559
2016-05-29,526.64,6.266517203159621,764.3457986306033,6.639020302775435
2016-06-01,531.97,6.27658709677417,770.1216193633932,6.646548449600566
2016-06-04,567.88,6.341910128795373,775.9336108365519,6.654066963477668
2016-06-07,583.72,6.369421415799545,781.781952878213,6.661575869027708
2016-06-10,574.32,6.353186732268227,787.6668259790292,6.669075190777384
2016-06-13,665.85,6.501064419948154,793.5884112937418,6.676564953159584
2016-06-16,693.88,6.542299034893208,799.5468906428049,6.684045180513898
2016-06-19,751.96,6.62268313104576,805.5424465139523,6.691515897087065
2016-06-22,664.46,6.498974680705654,811.5752620638132,6.698977127033466
2016-06-25,665.0,6.499787040655854,817.6455211194807,6.706428894415559
2016-06-28,651.85,6.479814474108788,823.7534081801602,6.713871223204407
2016-07-01,667.95,6.504213320435821,829.8991084187111,6.721304137280065
2016-07-04,656.97,6.487638355341608,836.0828076832915,6.728727660432092
2016-07-07,673.76,6.512873964413617,842.3046924989379,6.736141816359982
2016-07-10,647.41,6.472979787773838,848.5649500692007,6.7435466286736485
2016-07-13,664.5,6.4990348781533,854.8637682777138,6.750942120893832
2016-07-16,663.19,6.497061525299685,861.2013356898339,6.758328316452584
2016-07-19,673.46,6.512428602846897,867.5778415542345,6.765705238693691
2016-07-22,664.0,6.498282149476434,873.9934758045431,6.773072910873147
2016-07-25,661.48,6.494479748781996,880.4484290609059,6.780431356159532
2016-07-28,655.37,6.485199961643682,886.9428926316705,6.78778059763453
2016-07-31,654.68,6.484146566637683,893.4770585149657,6.795120658293314
2016-08-03,530.74,6.274272259143502,900.0511194003044,6.802451561044961
2016-08-06,572.72,6.350396941087929,906.665268670247,6.809773328712929
2016-08-09,591.69,6.382982849083522,913.3197004020133,6.817085984035465
2016-08-12,586.01,6.373336854277826,920.0146093690843,6.824389549666009
2016-08-15,567.34,6.340958771277485,926.7501910428534,6.831684048173635
2016-08-18,570.92,6.347249094761568,933.5266415942567,6.838969502043476
2016-08-21,577.52,6.358743073830905,940.3441578953807,6.84624593367711
2016-08-24,581.98,6.366436082879805,947.2029375211195,6.853513365393006
2016-08-27,577.77,6.3591758656042305,954.1031787508048,6.8607718194269225
2016-08-30,571.5,6.348264483234865,961.0450805698323,6.86802131793231
2016-09-02,571.0,6.3473892096560105,968.0288426712915,6.875261882980709
2016-09-05,603.95,6.403491413051287,975.0546654576348,6.88249353656218
2016-09-08,615.33,6.422158709261922,982.1227500423028,6.88971630058569
2016-09-11,621.65,6.432377233398946,989.2332982513599,6.896930196879502
2016-09-14,608.82,6.411522657519047,996.3865126251417,6.904135247191576
2016-09-17,607.04,6.40859468674665,1003.5825964199273,6.911331473189982
2016-09-20,608.66,6.411259819524301,1010.8217536095451,6.9185188964632545
2016-09-23,594.08,6.38701399042877,1018.1041888870684,6.925697538520822
2016-09-26,598.98,6.3952282085763885,1025.430107666407,6.932867420793336
2016-09-29,603.85,6.403325822721384,1032.7997160840405,6.940028564633131
2016-10-02,612.98,6.418332308976551,1040.213221000619,6.9471809913145535
2016-10-05,607.18,6.408825287462533,1047.6708300026164,6.954324722034336
2016-10-08,614.74,6.421199414188885,1055.172751404027,6.961459777912012
2016-10-11,614.77,6.4212482141173215,1062.719194247991,6.968586179990254
2016-10-14,634.02,6.452080499680994,1070.310368308492,6.975703949235282
2016-10-17,638.97,6.459857504918618,1077.94648409199,6.9828131065372006
2016-10-20,627.72,6.44209420717052,1085.6277528390904,6.989913672710372
2016-10-23,653.25,6.481959904400722,1093.3543865262377,6.997005668493806
2016-10-26,651.45,6.47920064764894,1101.1265978673628,7.004089114551498
2016-10-29,685.91,6.530746423783747,1108.94460031557,7.011164031472809
2016-11-01,697.01,6.546799757859899,1116.808608064775,7.018230439772793
2016-11-04,683.69,6.527504598514699,1124.718836051434,7.025288359892599
2016-11-07,709.96,6.565208630420146,1132.6754999561806,7.032337812199792
2016-11-10,721.5,6.581332378213926,1140.6788162055082,7.039378816988709
2016-11-13,702.28,6.554332184901008,1148.7290019734871,7.046411394480842
2016-11-16,711.73,6.567698626009214,1156.8262751833822,7.053435564825129
2016-11-19,748.98,6.618712280891015,1164.9708545093956,7.060451348098354
2016-11-22,736.97,6.602547185797749,1173.162959378324,7.067458764305464
2016-11-25,735.64,6.600740868630781,1181.402809971254,7.074457833379917
2016-11-28,727.31,6.589352796550366,1189.6906272252504,7.081448575184027
2016-12-01,742.05,6.609416626341827,1198.0266328350356,7.088431009509286
2016-12-04,762.97,6.63721871203178,1206.4110492547036,7.095405156076723
2016-12-07,758.99,6.63198860207827,1214.8440996993986,7.102371034537221
2016-12-10,769.08,6.645194995304136,1223.326008147021,7.10932866447186
2016-12-13,777.99,6.656713670625348,1231.8569993399128,7.116278065392237
2016-12-16,775.88,6.653997869050091,1240.4372987865731,7.1232192567408035
2016-12-19,788.67,6.670347982403978,1249.0671327633518,7.13015225789119
2016-12-22,834.97,6.727395796061712,1257.7467283161463,7.137077088148523
2016-12-25,892.6,6.79413855219517,1266.4763132621133,7.143993766749752
2016-12-28,930.34,6.8355501107329,1275.2561161913816,7.150902312863977
2016-12-31,958.12,6.864973031086696,1284.086366468746,7.157802745592754
2017-01-03,1013.42,6.92108602839078,1292.967294235416,7.164695083970443
2017-01-06,999.65,6.907405217717842,1301.8991304106619,7.171579346964471
2017-01-09,910.49,6.813982916130962,1310.8821066935645,7.178455553475672
2017-01-12,780.92,6.660472711814601,1319.916455564769,7.18532372233863
2017-01-15,819.55,6.708755409135369,1329.0024102881325,7.192183872321934
2017-01-18,906.6,6.809701338506749,1338.1402049124877,7.199036022128517
2017-01-21,895.64,6.797538546523138,1347.330074273333,7.205880190395945
2017-01-24,919.97,6.824341060815759,1356.5722539946157,7.212716395696759
2017-01-27,915.05,6.818978708591291,1365.866980490375,7.219544656538723
2017-01-30,912.19,6.8158483017092895,1375.2144909665117,7.226364991365152
2017-02-02,983.42,6.891036292375263,1384.6150234225456,7.233177418555236
2017-02-05,1034.07,6.941257751036138,1394.0688166532696,7.23998195642428
2017-02-08,1052.84,6.959246553770274,1403.576110250552,7.246778623224053
2017-02-11,997.59,6.905342370257847,1413.1371446050287,7.253567437143047
2017-02-14,1001.2,6.908954559557619,1422.752160907857,7.26034841630679
2017-02-17,1035.2,6.942349923746636,1432.421401152442,7.267121578778124
2017-02-20,1050.87,6.95737367150433,1442.1451081361713,7.273886942557489
2017-02-23,1130.01,7.029981761224751,1451.9235254621892,7.2806445255832415
2017-02-26,1150.37,7.047838908740795,1461.7568975410777,7.28739434573189
2017-03-01,1190.89,7.082456205728031,1471.6454695926727,7.2941364208184325
2017-03-04,1287.0,7.160069207596127,1481.589487647739,7.300870768596589
2017-03-07,1279.5,7.154224655599844,1491.5891985497763,7.307597406759122
2017-03-10,1192.09,7.083463348130765,1501.6448499567236,7.314316352938086
2017-03-13,1227.68,7.112881488429355,1511.7566903427405,7.321027624705124
2017-03-16,1257.0,7.136483208590247,1521.9249689999522,7.32773123957174
2017-03-19,967.69,6.874911788052373,1532.1499360401756,7.334427214989553
2017-03-22,1113.0,7.014814351275545,1542.431842396736,7.3411155683506095
2017-03-25,927.93,6.832956298906654,1552.770939826159,7.347796316987612
2017-03-28,1041.04,6.947975492468502,1563.167480909985,7.354469478174224
2017-03-31,1034.74,6.941905466412054,1573.6217190564785,7.361135069125304
2017-04-03,1079.99,6.984707060816139,1584.1339085024297,7.367793106997198
2017-04-06,1133.53,7.033091936293421,1594.7043043149172,7.374443608888001
2017-04-09,1184.03,7.076679152960791,1605.3331623930615,7.381086591837814
2017-04-12,1219.09,7.10585995776492,1616.0207394697957,7.387722072829007
2017-04-15,1170.36,7.065066672771924,1626.7672931136044,7.3943500687864585
2017-04-18,1176.97,7.070698618405277,1637.5730817304052,7.400970596577885
2017-04-21,1236.63,7.120145216898126,1648.438364565159,7.4075836730139955
2017-04-24,1240.84,7.123543848609,1659.3634017037937,7.414189314848841
2017-04-27,1288.02,7.160861434494052,1670.34845407488,7.420787538780004
2017-04-30,1333.0,7.195187320178709,1681.393783451484,7.427378361448902
2017-05-03,1447.55,7.277627751164913,1692.4996524528722,7.433961799440986
2017-05-06,1518.75,7.3256429070888585,1703.666324546373,7.440537869286047
2017-05-09,1651.1,7.4091970114377865,1714.8940640491144,7.447106587458428
2017-05-12,1829.0,7.511524648390866,1726.183136129798,7.453667970377275
2017-05-15,1780.0,7.484368643286131,1737.5338068105275,7.460222034406797
2017-05-18,1783.98,7.486602102314782,1748.9463429685686,7.4667687958565025
2017-05-21,2008.84,7.60531272003063,1760.421012338148,7.473308270981441
2017-05-24,2256.32,7.721490446530676,1771.9580835122467,7.479840475982449
2017-05-27,2279.82,7.731851771463558,1783.5578259444067,7.4863654270063975
2017-05-30,2290.02,7.736315830134601,1795.220509950508,7.492883140146418
2017-06-02,2409.93,7.787352980419715,1806.9464067105707,7.499393631442146
2017-06-05,2529.53,7.835788793713054,1818.7357882705526,7.505896916879955
2017-06-08,2683.03,7.894702031876343,1830.5889275441727,7.512393012393204
2017-06-11,2898.63,7.97199349055891,1842.5060983147168,7.518881933862474
2017-06-14,2706.0,7.903226808730733,1854.4875752367404,7.525363697115743
2017-06-17,2477.94,7.815182848820886,1866.5336338380896,7.531838317928738
2017-06-20,2600.0,7.8632667240095735,1878.6445505214556,7.538305812025023
2017-06-23,2713.48,7.905987222921663,1890.8206025663924,7.544766195076342
2017-06-26,2502.03,7.824857681362646,1903.0620681310088,7.551219482702784
2017-06-29,2558.3,7.847098254386445,1915.3692262538234,7.55766569047303
2017-07-02,2421.26,7.792043344810767,1927.7423568555844,7.5641048339045796
2017-07-05,2598.89,7.862839709775048,1940.1817407410654,7.570536928463966
2017-07-08,2502.86,7.825189356986929,1952.6876596009217,7.576961989566996
2017-07-11,2327.09,7.752373838961771,1965.2603960134518,7.583380032578944
2017-07-14,2338.49,7.757260700911341,1977.9002334465038,7.589791072814812
2017-07-17,1910.96,7.555361012571704,1990.6074562591896,7.596195125539495
2017-07-20,2265.21,7.725422748851131,2003.3823497038134,7.602592205968051
2017-07-23,2825.51,7.946444158260237,2016.2251999276643,7.608982329265899
2017-07-26,2564.3,7.8494408158762345,2029.1362939748121,7.615365510549019
2017-07-29,2784.8,7.931931336497229,2042.1159197879933,7.621741764884192
2017-08-01,2862.9,7.959590376091318,2055.164366210371,7.628111107289179
2017-08-04,2790.0,7.933796874815411,2068.281922987502,7.634473552732999
2017-08-07,3210.2,8.074088519479117,2081.4688807689904,7.640829116136047
2017-08-10,3340.28,8.113809914792341,2094.7255311105046,7.647177812370394
2017-08-13,3868.52,8.260627283938662,2108.052166475467,7.653519656259924
2017-08-16,4179.97,8.338059348459554,2121.4490802370256,7.659854662580599
2017-08-19,4104.71,8.319890373836811,2134.9165666797753,7.6661828460606145
2017-08-22,3986.28,8.290613744166127,2148.454921001711,7.672504221380649
2017-08-25,4331.77,8.37373151345192,2162.064439316034,7.678818803174053
2017-08-28,4339.05,8.375410709124443,2175.745418652943,7.685126606027026
2017-08-31,4582.52,8.430004344134232,2189.4981569615716,7.691427644478857
2017-09-03,4585.57,8.430669695393332,2203.3229531118195,7.697721933022116
2017-09-06,4385.02,8.385949465799303,2217.2201068961426,7.7040094861028265
2017-09-09,4312.26,8.369217407617063,2231.1899190315035,7.710290318120705
2017-09-12,4198.59,8.34250403362109,2245.232691161181,7.716564443429341
2017-09-15,3216.43,8.076027327828605,2259.3487258565906,7.722831876336372
2017-09-18,3678.53,8.210268494837228,2273.538326619245,7.729092631103725
2017-09-21,3894.48,8.26731544489939,2287.801797882499,7.735346721947764
2017-09-24,3777.62,8.236849460684027,2302.139445013508,7.741594163039515
2017-09-27,3881.0,8.263848131368906,2316.5515743150727,7.747834968504861
2017-09-30,4164.27,8.334296269131299,2331.038493027462,7.754069152424705
2017-10-03,4394.07,8.38801118363241,2345.6005093303,7.760296728835172
2017-10-06,4318.58,8.370681923499548,2360.2379323445252,7.766517711727836
2017-10-09,4605.66,8.435041260895293,2374.951072134105,7.772732115049841
2017-10-12,4822.17,8.48097931320055,2389.740239708038,7.7789399527041425
2017-10-15,5825.99,8.670084221074378,2404.6057470221926,7.785141238549677
2017-10-18,5594.66,8.629567850356201,2419.5479069812,7.791335986401556
2017-10-21,5986.44,8.697252190555933,2434.567033440214,7.797524210031199
2017-10-24,5900.59,8.682807624894144,2449.6634412070184,7.803705923166611
2017-10-27,5889.82,8.68098071590701,2464.8374460437285,7.809881139492489
2017-10-30,6136.49,8.722008196442818,2480.089364668714,7.816049872650424
2017-11-02,6751.98,8.817591074186097,2495.4195147585697,7.822212136239109
2017-11-05,7365.99,8.904628739415166,2510.8282149498546,7.828367943814463
2017-11-08,7128.64,8.871875751876509,2526.3157848411215,7.834517308889865
2017-11-11,6569.22,8.790150382969518,2541.8825449947744,7.840660244936316
2017-11-14,6493.63,8.778576975369766,2557.5288169389096,7.846796765382599
2017-11-17,7868.77,8.97065703948919,2573.2549231692497,7.852926883615467
2017-11-20,8049.72,8.993392587198985,2589.0611871510123,7.859050612979807
2017-11-23,8236.72,9.016357485404873,2604.9479333209074,7.865167966778856
2017-11-26,8768.8,9.078955245901513,2620.915487088887,7.87127895827431
2017-11-29,9919.0,9.202207388745993,2636.9641748401687,7.877383600686549
2017-12-02,10879.88,9.294670490937344,2653.094323937064,7.883481907194778
2017-12-05,11591.22,9.358003193951914,2669.306262720979,7.889573890937228
2017-12-08,16860.88,9.732751424737057,2685.6003205141697,7.895659565011279
2017-12-11,15068.95,9.62039161434244,2701.9768276218306,7.901738942473685
2017-12-14,16252.31,9.695990331501136,2718.4361153338577,7.907812036340694
2017-12-17,19279.9,9.866818381429093,2734.978515926847,7.9138788595882446
2017-12-20,17382.94,9.76324454446742,2751.6043626659643,7.919939425152116
2017-12-23,13776.61,9.530727505594271,2768.313989806911,7.9259937459281105
2017-12-26,13740.94,9.52813497682781,2785.1077325977853,7.9320418347722
2017-12-29,14214.01,9.561983376918322,2801.985927281036,7.9380837045006984
2018-01-01,13796.0,9.532133974056732,2818.9489110953878,7.94411936789043
2018-01-04,15039.24,9.618418064312158,2835.9970222777274,7.950148837678874
2018-01-07,17155.95,9.750100331200256,2853.130600065096,7.956172126564354
2018-01-10,14437.42,9.577578726123257,2870.3499846965433,7.962189247206169
2018-01-13,13791.19,9.531785261480442,2887.655517415128,7.9682002122247795
2018-01-16,13554.14,9.514447314696868,2905.0475404696977,7.9742050342019155
2018-01-19,11174.82,9.321418311969493,2922.5263971170816,7.980203725680823
2018-01-22,11513.42,9.351268590508571,2940.0924316238197,7.986196299166352
2018-01-25,11392.03,9.340669267075256,2957.7459892680718,7.992182767125101
2018-01-28,11431.37,9.344116609623716,2975.4874163417276,7.998163141985636
2018-01-31,10082.52,9.218558510380568,2993.3170601522643,8.004137436138613
2018-02-03,8852.73,9.088481165009746,3011.2352690245907,8.010105661936905
2018-02-06,6925.46,8.84295975484221,3029.242392303165,8.016067831695807
2018-02-09,8245.08,9.01737193779684,3047.3387803538058,8.02202395769315
2018-02-12,8068.02,8.995663378000133,3065.5247845656695,8.027974052169462
2018-02-15,9471.64,9.156057349644755,3083.800757353237,8.033918127328128
2018-02-18,11085.83,9.31342299520585,3102.1670521582164,8.039856195335531
2018-02-21,11245.98,9.327766010440465,3120.624023451562,8.045788268321218
2018-02-24,10171.3,9.227325307815425,3139.172026735293,8.051714358378007
2018-02-27,10319.46,9.241786712085128,3157.8114185446525,8.057634477562203
2018-03-02,10931.12,9.29936904618619,3176.5425564498264,8.063548637893668
2018-03-05,11516.83,9.351564722771567,3195.365799058088,8.069456851356023
2018-03-08,9920.46,9.20235457017156,3214.28150601568,8.075359129896775
2018-03-11,8777.37,9.079932097337638,3233.2900380097876,8.081255485427462
2018-03-14,9153.54,9.12189596869467,3252.391756770475,8.08714592982379
2018-03-17,8297.89,9.023756544598633,3271.5870250727344,8.093030474925804
2018-03-20,8605.64,9.060173081243091,3290.876206738291,8.098909132537976
2018-03-23,8725.37,9.073990153048273,3310.259666637802,8.104781914429424
2018-03-26,8457.96,9.042863288770837,3329.737770692622,8.110648832333986
2018-03-29,7950.61,8.981003934264564,3349.3108858768455,8.116509897950387
2018-04-01,6937.56,8.84470540666594,3368.9793802193153,8.122365122942384
2018-04-04,7426.48,8.91280727040732,3388.743622805605,8.128214518938911
2018-04-07,6634.68,8.800065716515078,3408.6039837798407,8.134058097534172
2018-04-10,6784.41,8.822382611966292,3428.5608343469603,8.139895870287859
2018-04-13,7941.46,8.979852416430692,3448.614546774369,8.145727848725194
2018-04-16,8368.1,9.032182136520108,3468.765494394211,8.151554044337153
2018-04-19,8175.96,9.008953420063612,3489.0140516051774,8.15737446858055
2018-04-22,8930.6,9.097238860863168,3509.360593874567,8.163189132878188
2018-04-25,9658.11,9.175553255890268,3529.805497740198,8.168998048618981
2018-04-28,8928.55,9.0970092866663,3550.349140812479,8.174801227158106
2018-05-01,9239.55,9.131248462151081,3570.991901776405,8.180598679817138
2018-05-04,9753.35,9.185366094722044,3591.734160393432,8.186390417884148
2018-05-07,9631.44,9.17278802632355,3612.5762975036346,8.192176452613886
2018-05-10,9310.37,9.138884111694086,3633.51869502759,8.197956795227874
2018-05-13,8463.52,9.043520441714916,3654.5617359683642,8.20373145691454
2018-05-16,8471.06,9.044410927395488,3675.705804413632,8.209500448829374
2018-05-19,8239.08,9.0166439661847,3696.9512855375197,8.215263782095022
2018-05-22,8396.63,9.035585713856785,3718.298565602734,8.221021467801442
2018-05-25,7576.78,8.932843586271622,3739.748031962568,8.226773517006038
2018-05-28,7344.56,8.901715182116547,3761.3000730627214,8.23251994073373
2018-05-31,7386.72,8.907439072383651,3782.9550784435805,8.238260749977165
2018-06-03,7637.14,8.94077846652604,3804.713438742048,8.243995955696782
2018-06-06,7619.43,8.93845684273319,3826.5755456935603,8.24972556882095
2018-06-09,7615.54,8.937946175487435,3848.5417921341964,8.25544960024611
2018-06-12,6879.31,8.836273635200266,3870.6125720025943,8.26116806083688
2018-06-15,6637.41,8.800477106136231,3892.7882803420966,8.26688096142621
2018-06-18,6445.79,8.771182483501539,3915.0693133025657,8.27258831281545
2018-06-21,6760.83,8.81890094256512,3937.456068142617,8.278290125774532
2018-06-24,6170.46,8.727528668415376,3959.948943231444,8.283986411042036
2018-06-27,6097.46,8.715627570002958,3982.5483380510323,8.289677179325366
2018-06-30,6223.28,8.736052377932705,4005.2546531981043,8.295362441300846
2018-07-03,6626.44,8.798822985726055,4028.068290386032,8.301042207613811
2018-07-06,6555.51,8.788061196374949,4050.9896524471,8.306716488878791
2018-07-09,6724.04,8.813444443350788,4074.0191433343152,8.312385295679569
2018-07-12,6403.18,8.764550020946256,4097.15716812356,8.31804863856933
2018-07-15,6248.84,8.740151125504635,4120.404133015582,8.323706528070772
2018-07-18,7321.62,8.898586893944994,4143.7604453380745,8.329358974676232
2018-07-21,7334.99,8.900411327249635,4167.226513547698,8.335005988847797
2018-07-24,7715.1,8.950934726476058,4190.8027472319945,8.340647581017393
2018-07-27,7939.81,8.979644624483834,4214.489557111683,8.34628376158696
2018-07-30,8220.91,9.014436187518921,4238.28735504246,8.351914540928512
2018-08-02,7607.7,8.9369161712711,4262.1965540171905,8.35753992938428
2018-08-05,7011.28,8.855275559650975,4286.21756816789,8.363159937266822
2018-08-08,6718.23,8.812580005966062,4310.350812767714,8.36877457485911
2018-08-11,6138.96,8.722410625687097,4334.596704233225,8.374383852414702
2018-08-14,6252.13,8.740677484671318,4358.955660126171,8.37998778015779
2018-08-17,6312.75,8.750326676759796,4383.428099155763,8.385586368283363
2018-08-20,6486.58,8.777490706242652,4408.014441180528,8.391179626957268
2018-08-23,6354.57,8.756929518077015,4432.715107210552,8.39676756631637
2018-08-26,6738.27,8.815558494401424,4457.530519409379,8.402350196468625
2018-08-29,7078.19,8.864773504286292,4482.461101096239,8.407927527493221
2018-09-01,7018.78,8.85634469274298,4507.507276747973,8.413499569440667
2018-09-04,7265.08,8.890834587643687,4532.669472001084,8.41906633233289
2018-09-07,6501.19,8.779740516050271,4557.948113653957,8.42462782616338
2018-09-10,6240.98,8.738892500314263,4583.343629668727,8.430184060897261
2018-09-13,6326.04,8.752429726956574,4608.856449173539,8.435735046471429
2018-09-16,6522.39,8.782996152169554,4634.487002464454,8.441280792794629
2018-09-19,6342.39,8.75501094800416,4660.2357210076225,8.446821309747584
2018-09-22,6756.12,8.81820403975929,4686.103037441328,8.452356607183091
2018-09-25,6583.45,8.792314203023121,4712.089385578034,8.457886694926124
2018-09-28,6686.08,8.80778303220909,4738.195200406509,8.463411582773944
2018-10-01,6611.02,8.796493232589931,4764.420918093876,8.4689312804962
2018-10-04,6483.73,8.77705124102619,4790.766975987709,8.474445797835038
2018-10-07,6573.62,8.790819949085272,4817.2338126181,8.479955144505197
2018-10-10,6626.85,8.798884857155734,4843.821867699759,8.485459330194118
2018-10-13,6247.0,8.73985662749357,4870.531582134016,8.490958364562026
2018-10-16,6599.17,8.794699162530613,4897.36339801107,8.496452257242069
2018-10-19,6509.61,8.781034825573968,4924.317758612004,8.501941017840402
2018-10-22,6504.78,8.780292570236337,4951.395108410793,8.50742465593627
2018-10-25,6489.77,8.77798236993302,4978.595893076433,8.512903181082116
2018-10-28,6457.21,8.772952614941037,5005.920559475132,8.518376602803706
2018-10-31,6301.61,8.748560435286421,5033.369555672307,8.523844930600198
2018-11-03,6390.42,8.76255527291114,5060.943330934785,8.529308173944273
2018-11-06,6437.76,8.769935932505918,5088.642335732733,8.53476634228219
2018-11-09,6444.97,8.771055260591314,5116.467021741833,8.540219445033905
2018-11-12,6408.53,8.765385194441594,5144.417841845543,8.5456674915932
2018-11-15,5756.77,8.658131832514176,5172.495250136958,8.551110491327726
2018-11-18,5572.44,8.625588298041896,5200.699701921,8.556548453579126
2018-11-21,4491.98,8.41004886348867,5229.03165371666,8.561981387663145
2018-11-24,4352.98,8.378615947009235,5257.491563258895,8.567409302869699
2018-11-27,3793.35,8.241004812675671,5286.079889500884,8.572832208462984
2018-11-30,4278.77,8.361420864095814,5314.79709261604,8.578250113681563
2018-12-03,4140.6,8.328595983854612,5343.643634000273,8.583663027738481
2018-12-06,3744.98,8.22817155548312,5372.619976273944,8.589070959821335
2018-12-09,3453.66,8.147189817266172,5401.726583284089,8.59447391909238
2018-12-12,3407.28,8.133669598023427,5430.963920106459,8.599871914688613
2018-12-15,3242.42,8.084075243565492,5460.332453047676,8.605264955721871
2018-12-18,3556.54,8.176543441122835,5489.832649647475,8.610653051278945
2018-12-21,4135.19,8.327288555616185,5519.4649786805585,8.616036210421619
2018-12-24,3995.17,8.292841410486503,5549.229910159,8.621414442186818
2018-12-27,3848.21,8.255363384101075,5579.127915334183,8.626787755586662
2018-12-30,3770.36,8.23492576659929,5609.159466699024,8.63215615960857
2019-01-02,3855.88,8.257354534914239,5639.325037990109,8.637519663215357
2019-01-05,3856.62,8.257546431187112,5669.625104189728,8.642878275345304
2019-01-08,4032.25,8.302079811797292,5700.060141528181,8.648232004912273
2019-01-11,3646.25,8.201454521181931,5730.630627485697,8.653580860805768
2019-01-14,3531.96,8.16960823663141,5761.337040794837,8.658924851891058
2019-01-17,3621.43,8.194624254441255,5792.179861442288,8.664263987009214
2019-01-20,3703.98,8.217163196183458,5823.159570671401,8.669598274977261
2019-01-23,3587.35,8.185169047347047,5854.276650983995,8.674927724588208
2019-01-26,3577.79,8.182500570339514,5885.531586142697,8.68025234461117
2019-01-29,3448.58,8.145717831094363,5916.924861173083,8.685572143791447
2019-02-01,3444.81,8.144624029532034,5948.45696236565,8.69088713085059
2019-02-04,3456.02,8.14787291694424,5980.128377278261,8.696197314486533
2019-02-07,3405.7,8.133205777484303,6011.939594737916,8.701502703373606
2019-02-10,3664.38,8.206414432206717,6043.891104843371,8.706803306162712
2019-02-13,3632.42,8.197654371802058,6075.983398966831,8.712099131481324
2019-02-16,3608.2,8.190964312018703,6108.216969756454,8.717390187933631
2019-02-19,3910.8,8.271497235631516,6140.592311138304,8.722676484100589
2019-02-22,3944.88,8.28017381456638,6173.109918318606,8.727958028540016
2019-02-25,3766.89,8.234005006310017,6205.77028778584,8.733234829786667
2019-02-28,3833.23,8.25146306879816,6238.573917313044,8.738506896352341
2019-03-03,3831.44,8.250995990624528,6271.521305959786,8.743774236725926
2019-03-06,3872.25,8.261591012427868,6304.6129540745205,8.749036859373518
2019-03-09,3875.96,8.262548653039966,6337.8493632965165,8.754294772738461
2019-03-12,3881.09,8.263871320999534,6371.231036558323,8.759547985241475
2019-03-15,3885.21,8.264932315394935,6404.758478087831,8.76479650528072
2019-03-18,3994.92,8.292778832968583,6438.432193410211,8.77004034123184
2019-03-21,4056.4,8.308051159737841,6472.252689350432,8.775279501448097
2019-03-24,4011.92,8.297025208703557,6506.220474035344,8.780513994260431
2019-03-27,3947.74,8.280898542255077,6540.33605689566,8.78574382797752
2019-03-30,4115.55,8.322527761530976,6574.599948668457,8.790969010885895
2019-04-02,4152.53,8.331473066024868,6609.012661398981,8.796189551249974
2019-04-05,4911.24,8.499281734729085,6643.574708443251,8.801405457312192
2019-04-08,5189.39,8.554371435533616,6678.286604469915,8.80661673729304
2019-04-11,5310.18,8.577381011966535,6713.1488654625355,8.811823399391152
2019-04-14,5064.62,8.53003438918912,6748.162008721881,8.817025451783394
2019-04-17,5196.65,8.555769466194477,6783.326552868074,8.822222902624944
2019-04-20,5277.04,8.57112061344137,6818.64301784251,8.82741576004932
2019-04-23,5377.19,8.589921211874433,6854.111924910538,8.832604032168533
2019-04-26,5195.61,8.555569317236797,6889.733796663293,8.837787727073106
2019-04-29,5301.29,8.575705466150572,6925.5091570201,8.842966852832184
2019-05-02,5326.67,8.580481556434188,6961.438531230353,8.848141417493558
2019-05-05,5771.08,8.66061451703041,6997.522445876224,8.853311429083817
2019-05-08,5755.72,8.657949421931772,7033.7614288744035,8.858476895608355
2019-05-11,6348.02,8.75589823223995,7070.156009478526,8.863637825051477
2019-05-14,7823.11,8.964837452688103,7106.706718281407,8.868794225376476
2019-05-17,7885.96,8.972839242144719,7143.414087217078,8.873946104525686
2019-05-20,8193.7,9.01112084528134,7180.278649563136,8.879093470420571
2019-05-23,7625.93,8.939309561251331,7217.300939942937,8.884236330961798
2019-05-26,8071.45,8.996088422942952,7254.481494327848,8.889374694029314
2019-05-29,8719.88,9.073360755340445,7291.820850039302,8.894508567482397
2019-06-01,8553.81,9.054132076709445,7329.319545751053,8.899637959159733
2019-06-04,8134.92,9.003921185554384,7366.978121491702,8.90476287687953
2019-06-07,7803.23,8.962293029524982,7404.797118646392,8.90988332843952
2019-06-10,7640.61,8.941232721905227,7442.777079959606,8.914999321617103
2019-06-13,8173.06,9.008598658734748,7480.918549536815,8.920110864169345
2019-06-16,8859.47,9.089242222396782,7519.222072847122,8.925217963833106
2019-06-19,9076.18,9.113408678228412,7557.688196725341,8.930320628325084
2019-06-22,10209.38,9.23106218453526,7596.317469374235,8.935418865341894
2019-06-25,11017.5,9.307240196716142,7635.110440366752,8.940512682560133
2019-06-28,11132.85,9.31765547618065,7674.067660648166,8.945602087636438
2019-07-01,10737.73,9.281518986319211,7713.189682538593,8.950687088207594
2019-07-04,11984.76,9.391391121636692,7752.477059734757,8.955767691890543
2019-07-07,11232.04,9.326525687512813,7791.930347312627,8.960843906282498
2019-07-10,12586.78,9.440402335788077,7831.550101729682,8.965915738961023
2019-07-13,11803.97,9.376191194548248,7871.336880826729,8.970983197484038
2019-07-16,10873.5,9.294083915409042,7911.291243830563,8.976046289389949
2019-07-19,10638.56,9.27224041539071,7951.41375135602,8.981105022197681
2019-07-22,10587.41,9.26742083833386,7991.704965408307,8.986159403406766
2019-07-25,9772.17,9.187293828869782,8032.165449385114,8.991209440497386
2019-07-28,9473.99,9.156305427962769,8072.795768079073,8.996255140930465
2019-07-31,9589.13,9.168385444262743,8113.596487679761,9.00129651214771
2019-08-03,10529.55,9.261940869172118,8154.568175776105,9.006333561571694
2019-08-06,11787.99,9.3748364955369,8195.711401358747,9.011366296605928
2019-08-09,11996.41,9.392362717344197,8237.026734821931,9.016394724634893
2019-08-12,11566.84,9.355897662745337,8278.514747966225,9.021418853024151
2019-08-15,10016.96,9.212034935392252,8320.176014000359,9.026438689120369
2019-08-18,10214.52,9.231565516426672,8362.011107543778,9.031454240251406
2019-08-21,10760.56,9.283642876971166,8404.020604628844,9.036465513726384
2019-08-24,10405.81,9.25011958298665,8446.20508270292,9.041472516835718
2019-08-27,10360.28,9.245734542475278,8488.565120630816,9.04647525685121
2019-08-30,9484.55,9.157419437912068,8531.101298697004,9.0514737410261
2019-09-02,9769.79,9.187050250435298,8573.814198608015,9.056467976595151
2019-09-05,10584.16,9.267113822838503,8616.704403494477,9.061457970774676
2019-09-08,10487.21,9.257911698426511,8659.772497913522,9.066443730762622
2019-09-11,10101.03,9.220392677827745,8703.019067850944,9.071425263738618
2019-09-14,10363.9,9.246083892851198,8746.444700723749,9.07640257686407
2019-09-17,10265.63,9.236556701169361,8790.049985382135,9.081375677282182
2019-09-20,10275.88,9.237554680465989,8833.83551211192,9.086344572118044
2019-09-23,10033.05,9.213639922467467,8877.801872636783,9.091309268478682
2019-09-26,8432.23,9.03981654744898,8921.94966012057,9.096269773453123
2019-09-29,8225.0,9.014933575633572,8966.279469169616,9.101226094112462
2019-10-02,8322.92,9.026768433781122,9010.791895834736,9.106178237509887
2019-10-05,8155.48,9.006445372918296,9055.487537614117,9.111126210680808
2019-10-08,8212.02,9.01335421359616,9100.366993454949,9.116070020642844
2019-10-11,8586.9,9.057993065094019,9145.430863756135,9.121009674395928
2019-10-14,8283.76,9.022052250584446,9190.67975037056,9.125945178922365
2019-10-17,8002.51,8.987510521452734,9236.11425660704,9.13087654118685
2019-10-20,7960.04,8.982189303951431,9281.734987233052,9.135803768136583
2019-10-23,8026.76,8.990536238594022,9327.54254847689,9.1407268667013
2019-10-26,8666.79,9.067253759003483,9373.53754802961,9.145645843793304
2019-10-29,9218.76,9.128995817267405,9419.72059504806,9.150560706307594
2019-11-01,9147.98,9.12128836887006,9466.092300156493,9.155471461121856
2019-11-04,9206.16,9.127628104195741,9512.65327544921,9.160378115096549
2019-11-07,9343.34,9.142419069011696,9559.404134492712,9.165280675074953
2019-11-10,8809.41,9.08357574733467,9606.345492328286,9.170179147883253
2019-11-13,8801.52,9.082679712823387,9653.4779654739,9.175073540330551
2019-11-16,8457.69,9.042831365670038,9700.802171926991,9.179963859208975
2019-11-19,8175.99,9.008957089350762,9748.318731166239,9.184850111293677
2019-11-22,7617.07,8.938147060300365,9796.02826415436,9.189732303342943
2019-11-25,6907.4,8.840348579675045,9843.931393340232,9.194610442098224
2019-11-28,7523.83,8.925830595800965,9892.028742661072,9.199484534284181
2019-12-01,7557.72,8.930324836385395,9940.32093754506,9.204354586608773
2019-12-04,7296.77,8.895187063466203,9988.808604913313,9.20922060576327
2019-12-07,7547.19,8.928930587534419,10037.492373182513,9.214082598422351
2019-12-10,7337.42,8.900742561180833,10086.372872267106,9.218940571244133
2019-12-13,7189.16,8.880329614960994,10135.450733581652,9.223794530870236
2019-12-16,7111.14,8.869417847497338,10184.72659004304,9.228644483925827
2019-12-19,7284.29,8.893475253344372,10234.201076072897,9.233490437019675
2019-12-22,7143.2,8.873916134203007,10283.874827600115,9.238332396744234
2019-12-25,7250.69,8.888851915733907,10333.74848206269,9.243170369675639
2019-12-28,7243.93,8.887919155787095,10383.82267841076,9.248004362373834
2019-12-31,7219.6,8.884554828690094,10434.098057108158,9.252834381382549
2020-01-03,6944.33,8.845680778252477,10484.575260135538,9.257660433229425
2020-01-06,7351.57,8.902669174838666,10535.254930991858,9.262482524425991
2020-01-09,8042.65,8.992513909856259,10586.137714697663,9.2673006614678
2020-01-12,8021.49,8.989879469140725,10637.224257796574,9.272114850834406
2020-01-15,8842.42,9.087315873823556,10688.515208358209,9.276925098989466
2020-01-18,8900.34,9.093844757237735,10740.011215980201,9.281731412380765
2020-01-21,8626.47,9.062590662159812,10791.712931790827,9.286533797440292
2020-01-24,8388.11,9.034570505908166,10843.621008451117,9.29133226058427
2020-01-27,8588.42,9.058170063252303,10895.73610015725,9.29612680821321
2020-01-30,9279.81,9.135596351432717,10948.058862642976,9.30091744671197
2020-02-02,9378.09,9.146131396532464,11000.58995318204,9.305704182449816
2020-02-05,9162.14,9.122835054836381,11053.33003059036,9.310487021780446
2020-02-08,9807.54,9.190906756586735,11106.279755228386,9.315265971042052
2020-02-11,9854.79,9.195712910379568,11159.43978900376,9.320041036557392
2020-02-14,10242.43,9.234294175128696,11212.810795373203,9.324812224633796
2020-02-17,9937.67,9.204087865734504,11266.39343934543,9.32957954156327
2020-02-20,9604.72,9.170009923294142,11320.188387482958,9.334342993622492
2020-02-23,9669.63,9.17674532504726,11374.196307904873,9.339102587072901
2020-02-26,9309.15,9.138753066425277,11428.417870289042,9.343858328160728
2020-02-29,8712.35,9.072496838277816,11482.853745874409,9.348610223117042
2020-03-03,8912.82,9.095245968706326,11537.504607463783,9.353358278157835
2020-03-06,9067.39,9.112439739845536,11592.371129425408,9.358102499483998
2020-03-09,8039.38,8.992107244771681,11647.453987696244,9.362842893281453
2020-03-12,7936.65,8.979246550852594,11702.753859783636,9.367579465721136
2020-03-15,5166.26,8.54990430146404,11758.271424768185,9.372312222959089
2020-03-18,5357.61,8.586273259101489,11814.007363305833,9.377041171136483
2020-03-21,6226.44,8.73656001988254,11869.96235763018,9.381766316379661
2020-03-24,6502.16,8.779889708374064,11926.137091555305,9.386487664800221
2020-03-27,6763.75,8.819332748956946,11982.532250477685,9.391205222495024
2020-03-30,5885.41,8.680231685916738,12039.148521378856,9.395918995546268
2020-04-02,6652.87,8.802803619493861,12095.986592827583,9.40062899002151
2020-04-05,6871.69,8.835165352052865,12153.047154982542,9.405335211973743
2020-04-08,7205.55,8.88260684139805,12210.3308995944,9.410037667441415
2020-04-11,6873.24,8.835390889761179,12267.838520008607,9.414736362448508
2020-04-14,6857.66,8.833121554657687,12325.570711167036,9.419431303004522
2020-04-17,7112.27,8.869576740477626,12383.528169611482,9.424122495104612
2020-04-20,7130.04,8.872072123490781,12441.711593485139,9.428809944729558
2020-04-23,7130.99,8.872205353699457,12500.121682535228,9.43349365784583
2020-04-26,7549.52,8.92923926406308,12558.759138115802,9.438173640405665
2020-04-29,7765.33,8.957424233069968,12617.624663189592,9.44284989834707
2020-05-02,8824.66,9.085305354147136,12676.71896233081,9.447522437593896
2020-05-05,8885.93,9.092224405904618,12736.04274172736,9.45219126405587
2020-05-08,10002.48,9.210588341229267,12795.596709183215,9.456856383628633
2020-05-11,8754.46,9.077318563777174,12855.381574121166,9.461517802193818
2020-05-14,9305.93,9.138407110347504,12915.398047584657,9.466175525619043
2020-05-17,9385.7,9.146942533346214,12975.64684224073,9.470829559758002
2020-05-20,9785.74,9.188681502928777,13036.128672382249,9.475479910450488
2020-05-23,9167.26,9.123393720164561,13096.844253929998,9.48012658352242
2020-05-26,8899.66,9.093768352743316,13157.794304435847,9.484769584785937
2020-05-29,9569.21,9.166305931405317,13218.979543084413,9.489408920039388
2020-06-01,9450.84,9.153858905426294,13280.40069069602,9.494044595067415
2020-06-04,9658.04,9.175546008069144,13342.058469728569,9.498676615640953
2020-06-07,9670.43,9.17682805488372,13403.95360428069,9.503304987517332
2020-06-10,9775.15,9.187598730004371,13466.086820093431,9.507929716440259
2020-06-13,9459.97,9.154824490793539,13528.458844553235,9.512550808139906
2020-06-16,9426.7,9.15130136740404,13591.070406694103,9.51716826833293
2020-06-19,9380.03,9.1463382402894,13653.922237200111,9.521782102722526
2020-06-22,9284.78,9.136131779375779,13717.015068407854,9.52639231699846
2020-06-25,9276.58,9.135248223371965,13780.349634308795,9.53099891683712
2020-06-28,9004.23,9.105449745902952,13843.926670551711,9.535601907901544
2020-07-01,9133.97,9.119755709307757,13907.746914445133,9.54020129584147
2020-07-04,9072.42,9.11299432119219,13971.811104960214,9.544797086293407
2020-07-07,9348.91,9.143015037946936,14036.119982732283,9.549389284880611
2020-07-10,9238.04,9.131085020922722,14100.674290064007,9.55397789721318
2020-07-13,9295.9,9.137328721718857,14165.474770927864,9.558562928888094
2020-07-16,9193.51,9.126253079318328,14230.522170967803,9.563144385489203
2020-07-19,9174.71,9.124206064793812,14295.817237502828,9.567722272587346
2020-07-22,9392.66,9.147683812171278,14361.36071952858,9.572296595740333
2020-07-25,9551.28,9.164430455906981,14427.153367719799,9.576867360492983
2020-07-28,11042.4,9.309497687509369,14493.195934433745,9.581434572377233
2020-07-31,11114.93,9.316044528582694,14559.489173711252,9.585998236912083
2020-08-03,11077.77,9.312695676507145,14626.033841280347,9.590558359603712
2020-08-06,11750.28,9.371632349075615,14692.83069455804,9.595114945945475
2020-08-09,11767.6,9.373105271220918,14759.880492653128,9.599668001417967
2020-08-12,11392.43,9.340704378725919,14827.18399636839,9.604217531489041
2020-08-15,11774.38,9.373681263570539,14894.741968203425,9.608763541613875
2020-08-18,12293.72,9.41684384187003,14962.555172356413,9.613306037234963
2020-08-21,11865.82,9.381417277311993,15030.624374727706,9.61784502378223
2020-08-24,11653.02,9.363320652868023,15098.950342921184,9.622380506672997
2020-08-27,11467.37,9.347260890021632,15167.533846247308,9.626912491312055
2020-08-30,11481.64,9.348504516813305,15236.375655725338,9.631440983091693
2020-09-02,11923.25,9.386245554463521,15305.4765440863,9.635965987391764
2020-09-05,10467.89,9.256067755379311,15374.837285774765,9.640487509579678
2020-09-08,10367.74,9.246454341117126,15444.45865695173,9.64500555501047
2020-09-11,10352.66,9.244998770504349,15514.341435497046,9.649520129026833
2020-09-14,10330.77,9.242882099509954,15584.486401012091,9.654031236959163
2020-09-17,10948.43,9.300951345969462,15654.894334821776,9.658538884125576
2020-09-20,11081.43,9.313026013345414,15725.566019977325,9.663043075831958
2020-09-23,10532.22,9.262194409118125,15796.502241258842,9.667543817372007
2020-09-26,10692.84,9.277329637584764,15867.703785177548,9.672041114027259
2020-09-29,10692.33,9.277281940980052,15939.171439978696,9.676534971067149
2020-10-02,10619.24,9.270422729146658,16010.90599564347,9.68102539374901
2020-10-05,10673.46,9.275515565394937,16082.90824389191,9.685512387318141
2020-10-08,10670.8,9.275266318055019,16155.178978185388,9.689995957007838
2020-10-11,11302.67,9.332794259975797,16227.718993728737,9.69447610803941
2020-10-14,11428.24,9.343842764180197,16300.529087473318,9.698952845622252
2020-10-17,11327.57,9.334994856173491,16373.61005811892,9.70342617495384
2020-10-20,11758.16,9.372302746626037,16446.962706116832,9.70789610121981
2020-10-23,12990.25,9.47195435505297,16520.58783367176,9.712362629593947
2020-10-26,13036.77,9.475529105411582,16594.486244744898,9.71682576523827
2020-10-29,13289.0,9.494691904331507,16668.658745056084,9.72128551330303
2020-11-01,13810.32,9.533171417749651,16743.106142086428,9.725741878926769
2020-11-04,14023.31,9.548476224021561,16817.82924508058,9.730194867236328
2020-11-07,15595.77,9.654755002622624,16892.82886504983,9.734644483346926
2020-11-10,15328.53,9.637471076857121,16968.105814773917,9.73909073236215
2020-11-13,16295.57,9.698648570715106,17043.660908804042,9.74353361937402
2020-11-16,15968.16,9.678352018541124,17119.49496346512,9.747973149463007
2020-11-19,17798.45,9.786866653836926,17195.608796858338,9.752409327698075
2020-11-22,18699.75,9.836265433769356,17272.00322886392,9.756842159136724
2020-11-25,19172.52,9.861233282799247,17348.679081143175,9.761271648825002
2020-11-28,17138.87,9.749104262323838,17425.637177141653,9.765697801797572
2020-12-01,19709.73,9.888867701422802,17502.878342091197,9.770120623077723
2020-12-04,19454.54,9.875835740831747,17580.403403012126,9.774540117677383
2020-12-07,19377.66,9.871876135120674,17658.21318871701,9.778956290597222
2020-12-10,18554.15,9.828448762690616,17736.30852981164,9.783369146826601
2020-12-13,18803.44,9.84179511080288,17814.690258698927,9.787778691343682
2020-12-16,19439.75,9.875075217849433,17893.35920958037,9.7921849291154
2020-12-19,23150.79,10.049784184202105,17972.31621845961,9.796587865097557
2020-12-22,22745.48,10.032121723320667,18051.562123143758,9.800987504234783
2020-12-25,23715.53,10.073885386786388,18131.09776324722,9.805383851460647
2020-12-28,26246.58,10.175290973817564,18210.92398019289,9.809776911697611
2020-12-31,28856.59,10.270093668728663,18291.04161721627,9.814166689857153
2021-01-03,32195.46,10.379580727803122,18371.451519366386,9.818553190839708
2021-01-06,34046.67,10.435487509438357,18452.154533509416,9.822936419534763
2021-01-09,40670.25,10.613252145919505,18533.15150833115,9.827316380820882
2021-01-12,35544.94,10.478553090361034,18614.443294338693,9.831693079565696
2021-01-15,39158.47,10.575372025401094,18696.030743864103,9.836066520625991
2021-01-18,35793.01,10.485507901928107,18777.914711066496,9.840436708847719
2021-01-21,35538.98,10.478385401240514,18860.096051934102,9.844803649066002
2021-01-24,32099.74,10.376603209396832,18942.57562428784,9.849167346105219
2021-01-27,32541.8,10.390280695776623,19025.35428778286,9.853527804778984
2021-01-30,34314.26,10.443316290196906,19108.43290391184,9.85788502989022
2021-02-02,33522.9,10.419984066366895,19191.81233600735,9.862239026231173
2021-02-05,37002.09,10.518729676517546,19275.493449243684,9.866589798583412
2021-02-08,38928.1,10.569471633865051,19359.477110640833,9.870937351717934
2021-02-11,44878.17,10.71170676396417,19443.764189065932,9.875281690395134
2021-02-14,47185.19,10.761835351150728,19528.355555236158,9.879622819364855
2021-02-17,49160.1,10.802837597852028,19613.252081721395,9.883960743366423
2021-02-20,55916.5,10.931614785535444,19698.454642946614,9.888295467128671
2021-02-23,54123.4,10.899021903666926,19783.96411519466,9.89262699536998
2021-02-26,46800.42,10.753647456224444,19869.78137660865,9.8969553327983
2021-03-01,45113.92,10.716946125319055,19955.90730719464,9.901280484111183
2021-03-04,50477.7,10.82928693357804,20042.342788824164,9.905602453995819
2021-03-07,48881.59,10.797156121958004,20129.08870523689,9.909921247129063
2021-03-10,54881.52,10.91293195880922,20216.145942042902,9.914236868177454
2021-03-13,57253.28,10.955240212351748,20303.5153867258,9.918549321797272
2021-03-16,55754.72,10.928717349415729,20391.197928644684,9.922858612634535
2021-03-19,57665.9,10.962421289925741,20479.194459037408,9.927164745325065
2021-03-22,57411.17,10.957994162678805,20567.505871022433,9.931467724494482
2021-03-25,52508.23,10.868725198198614,20656.133059601958,9.935767554758257
2021-03-28,55863.93,10.930674191481982,20745.076921664477,9.940064240721746
2021-03-31,58730.13,10.980708162033611,20834.338355987064,9.944357786980198
2021-04-03,59031.32,10.985823429495817,20923.918263238087,9.948648198118796
2021-04-06,59054.1,10.986209251899338,21013.817545979917,9.95293547871269
2021-04-09,58048.59,10.96903569742536,21104.037108671382,9.957219633327014
2021-04-12,59964.87,11.001514169732179,21194.577857670472,9.961500666516933
2021-04-15,62969.12,11.050399726476451,21285.440701237098,9.965778582827667
2021-04-18,60087.09,11.003550288796369,21376.626549535056,9.970053386794497
2021-04-21,56507.91,10.942135907335446,21468.136314635547,9.974325082942833
2021-04-24,51153.13,10.842578962078454,21559.970910519012,9.978593675788211
2021-04-27,54056.64,10.897787664735699,21652.131253078027,9.982859169836331
2021-04-30,53584.15,10.889008594373156,21744.61826012007,9.987121569583095
2021-05-03,56610.46,10.943949052770524,21837.43285136966,9.991380879514615
2021-05-06,57473.23,10.959074553158915,21930.57594847176,9.995637104107274
2021-05-09,58928.81,10.984085384178213,22024.048474993597,9.999890247827722
2021-05-12,56750.0,10.94641093534365,22117.85135642745,10.004140315132908
2021-05-15,49922.52,10.818227482538429,22211.98552019359,10.008387310470127
2021-05-18,43596.24,10.68272618708626,22306.451895643044,10.012631238277052
2021-05-21,40784.32,10.616052972799316,22401.25141405916,10.016872102981715
2021-05-24,34754.54,10.456065489941313,22496.385008661477,10.02110990900259
2021-05-27,39266.04,10.578115302151192,22591.853614607746,10.025344660748594
2021-05-30,34647.67,10.452985758489834,22687.65816899641,10.02957636261911
2021-06-02,36662.64,10.509513531894168,22783.799610869577,10.033805019004028
2021-06-05,36885.51,10.515574069981659,22880.278881215658,10.038030634283771
2021-06-08,33514.87,10.419744499924324,22977.09692297172,10.042253212829316
2021-06-11,36704.57,10.51065654945106,23074.254681025974,10.046472759002206
2021-06-14,39066.82,10.573028792363912,23171.753102221242,10.050689277154625
2021-06-17,38324.87,10.553854311692513,23269.59313535651,10.054902771629365
2021-06-20,35524.17,10.477968588864073,23367.77573119072,10.059113246759914
2021-06-23,32447.59,10.387381451269448,23466.30184244381,10.063320706870407
2021-06-26,31640.58,10.362195752939872,23565.17242380138,10.067525156275742
2021-06-29,34456.67,10.447457871634283,23664.38843191556,10.071726599281533
2021-07-02,33536.88,10.420401007794455,23763.95082540833,10.07592504018416
2021-07-05,35309.3,10.471901664313577,23863.86056487476,10.080120483270825
2021-07-08,33839.04,10.429370444523432,23964.11861288484,10.084312932819543
2021-07-11,33515.57,10.419765385957595,24064.725933986007,10.088502393099162
2021-07-14,32686.56,10.394719263223612,24165.683494706547,10.092688868369422
2021-07-17,31421.25,10.355239694595605,24266.99226355795,10.096872362880966
2021-07-20,30815.94,10.335787367555458,24368.653211037115,10.10105288087535
2021-07-23,32297.89,10.382757181999573,24470.667309629574,10.105230426585095
2021-07-26,35365.2,10.47348356476302,24573.03553381171,10.109405004233686
2021-07-29,40002.53,10.596697981095877,24675.75886005434,10.113576618035644
2021-08-01,41659.06,10.637274150950223,24778.838266823695,10.11774527219648
2021-08-04,38138.0,10.548966439394572,24882.27473458593,10.121910970912793
2021-08-07,42825.95,10.66489950625042,24986.06924580808,10.126073718372233
2021-08-10,46333.46,10.743619657253932,25090.222784962214,10.130233518753577
2021-08-13,44417.78,10.701395118711885,25194.73633852731,10.134390376226733
2021-08-16,47056.41,10.7591023737786,25299.610894991998,10.138544294952759
2021-08-19,44777.86,10.709469099819202,25404.847444857143,10.142695279083888
2021-08-22,48932.02,10.798187266897207,25510.446980638953,10.146843332763574
2021-08-25,47744.58,10.77362083161297,25616.41049687102,10.150988460126484
2021-08-28,49056.86,10.800735312502871,25722.738990107642,10.155130665298557
2021-08-31,47074.77,10.759492467692919,25829.433458926047,10.159269952397004
2021-09-03,49329.01,10.806267625102825,25936.494903928975,10.163406325530332
2021-09-06,51769.06,10.854547952497184,26043.92432774821,10.1675397887984
2021-09-09,46078.38,10.738099138501777,26151.722735046063,10.171670346292402
2021-09-12,45144.79,10.717630159052835,26259.8911325189,10.175798002094915
2021-09-15,47072.12,10.759436172684115,26368.430528899582,10.179922760279922
2021-09-18,47263.6,10.763495722194413,26477.341934959673,10.184044624912815
2021-09-21,42901.56,10.66666346789133,26586.626363513584,10.188163600050473
2021-09-24,44888.96,10.71194716376423,26696.284829419106,10.192279689741206
2021-09-27,43182.63,10.67319361004169,26806.318349582114,10.196392898024854
2021-09-30,41522.38,10.63398783796958,26916.727942957856,10.20050322893276
2021-10-03,47727.1,10.773254649721222,27027.514630554364,10.204610686487818
2021-10-06,51505.83,10.849450284128247,27138.67943543526,10.208715274704502
2021-10-09,53867.3,10.894278893757647,27250.223382721826,10.212816997588867
2021-10-12,57452.01,10.958705269610043,27362.147499596027,10.216915859138581
2021-10-15,57397.74,10.957760208710228,27474.45281530354,10.221011863342966
2021-10-18,61546.21,11.027543553762214,27587.140361155627,10.225105014182986
2021-10-21,66063.56,11.09837258789541,27700.21117053296,10.229195315631316
2021-10-24,61277.28,11.02316441700639,27813.666278887285,10.23328277165232
2021-10-27,60345.17,11.007836190182838,27927.506723744686,10.237367386202102
2021-10-30,62249.18,11.03890064154943,28041.733544708433,10.24144916322853
2021-11-02,61029.5,11.019112632812861,28156.34778346066,10.245528106671223
2021-11-05,61441.83,11.025846152534236,28271.35048376703,10.249604220461642
2021-11-08,63293.22,11.05553349339095,28386.742691477,10.253677508523026
2021-11-11,64976.73,11.081784484780476,28502.525454528713,10.257747974770496
2021-11-14,64420.94,11.073194014520427,28618.69982295067,10.261815623111033
2021-11-17,60172.26,11.004966727754999,28735.26684886422,10.265880457443501
2021-11-20,58133.02,10.970489111866124,28852.227586486624,10.269942481658674
2021-11-23,56301.52,10.938476811987137,28969.5830921342,10.274001699639278
2021-11-26,58935.45,10.984198056162189,29087.334424224573,10.278058115259995
2021-11-29,57292.28,10.955921164132105,29205.482643279396,10.282111732387484
2021-12-02,57229.76,10.954829321789601,29324.028811926626,10.286162554880391
2021-12-05,49253.86,10.804743019163544,29442.973994904485,10.29021058658941
2021-12-08,50645.41,10.832603883655311,29562.319259063326,10.294255831357276
2021-12-11,47137.46,10.760823292984975,29682.065673368365,10.298298293018789
2021-12-14,46757.09,10.75272118097197,29802.2143089026,10.302337975400839
2021-12-17,47658.38,10.771813759307094,29922.76623886931,10.306374882322423
2021-12-20,46689.28,10.751269866985082,30043.722538595226,10.31040901759468
2021-12-23,48628.35,10.791961973149165,30165.084285533463,10.314440385020916
2021-12-26,50470.89,10.829152013416987,30286.85255926498,10.318468988396589
2021-12-29,47601.26,10.770614510457406,30409.028441502585,10.322494831509367
2022-01-01,46249.56,10.741807229381804,30531.61301609348,10.326517918139146
2022-01-01,46249.56,10.741807229381804,30654.607369021356,10.330538252058048
2022-01-04,46441.99,10.745959285884275,30778.012588409783,10.334555837030464
2022-01-07,43120.63,10.67175681586576,30901.82976452475,10.33857067681307
2022-01-10,41864.44,10.642192058220393,31026.05998977765,10.342582775154852
2022-01-13,43926.0,10.690261678874698,31150.70435872736,10.34659213579711
2022-01-16,43146.53,10.672357276128464,31275.76396808347,10.350598762473489
2022-01-19,42381.48,10.654466753345607,31401.23991670948,10.354602658910018
2022-01-22,36480.85,10.504542744355414,31527.133305624477,10.358603828825096
2022-01-25,36678.82,10.509954755732975,31653.445238007,10.362602275929547
2022-01-28,37146.85,10.52263425516464,31780.17681919672,10.366598003926605
2022-01-31,37918.62,10.543197563301675,31907.329156698357,10.370591016511973
2022-02-03,36912.68,10.516310402437172,32034.903360183536,10.374581317373817
2022-02-06,41435.43,10.631891590929307,32162.900541493833,10.37856891019279
2022-02-09,44133.28,10.694969425356991,32291.321814643565,10.382553798642057
2022-02-12,42401.27,10.65493359360166,32420.168295823034,10.38653598638733
2022-02-15,42580.94,10.659162014295859,32549.4411034002,10.39051547708685
2022-02-18,40565.69,10.61067791442196,32679.141357924174,10.394492274391439
2022-02-21,38382.32,10.555352215884854,32809.270182128486,10.398466381944523
2022-02-24,37291.48,10.526520161309927,32939.82870093276,10.402437803382128
2022-02-27,39103.91,10.57397774097379,33070.818041445986,10.40640654233291
2022-03-02,44418.83,10.70141875761481,33202.2393329691,10.410372602418171
2022-03-05,39141.25,10.574932177077814,33334.093706998996,10.414335987251917
2022-03-08,38032.5,10.546196336337283,33466.38229722927,10.418296700440813
2022-03-11,39437.89,10.58248230829965,33599.10623955441,10.422254745584247
2022-03-14,37820.39,10.54060365416351,33732.26667207198,10.426210126274334
2022-03-17,41133.08,10.624567942933286,33865.864735086165,10.430162846095953
2022-03-20,42222.32,10.650704270153142,33999.90157110891,10.434112908626723
2022-03-23,42372.67,10.65425885792027,34134.37832486548,10.438060317437099
2022-03-26,44334.33,10.69951459948609,34269.29614329388,10.442005076090297
2022-03-29,47115.93,10.760366439382691,34404.656175550175,10.445947188142384
2022-04-01,45539.22,10.726329211671311,34540.45957301061,10.44988665714228
2022-04-04,46425.52,10.745604587019782,34676.70748927399,10.453823486631762
2022-04-07,43190.18,10.673368433577458,34813.40108016456,10.457757680145491
2022-04-10,42787.69,10.664005723377807,34950.54150373538,10.46168924121104
2022-04-13,40102.2,10.599186474632642,35088.12992027045,10.4656181733489
2022-04-16,40566.2,10.610690486543724,35226.1674922881,10.469544480072514
2022-04-19,40805.72,10.616577546644132,35364.65538454264,10.47346816488826
2022-04-22,40514.01,10.609403119201978,35503.59476402899,10.477389231295525
2022-04-25,39465.57,10.5831839252157,35642.98679998434,10.481307682786692
2022-04-28,39249.28,10.577688379093258,35782.832663890804,10.48522352284715
2022-05-01,37661.19,10.536385400224932,35923.13352947856,10.489136754955325
2022-05-04,37727.19,10.538136333640976,36063.89057272876,10.493047382582702
2022-05-07,36013.03,10.491636096396602,36205.104971876215,10.496955409193838
2022-05-10,30175.71,10.314792575100684,36346.77790741255,10.500860838246389
2022-05-13,28931.14,10.272673802655264,36488.91056208813,10.504763673191107
2022-05-16,31277.43,10.350652030158518,36631.504120915706,10.508663917471878
2022-05-19,28680.97,10.263989115620005,36774.559771173146,10.51256157452574
2022-05-22,29409.92,10.289087311381131,36918.07870240607,10.516456647782896
2022-05-25,29634.57,10.296696864246583,37062.06210643005,10.52034914066671
2022-05-28,28578.89,10.260423612381135,37206.511177335335,10.524239056593785
2022-05-31,31715.58,10.364563321777176,37351.427111487224,10.52812639897391
2022-06-03,30429.88,10.32318029940641,37496.81110753058,10.532011171210122
2022-06-06,29901.35,10.305658908861197,37642.66436639251,10.535893376698724
2022-06-09,30189.25,10.315241179729167,37788.98809128403,10.539773018829266
2022-06-12,28344.5,10.252188286807442,37935.783487704604,10.543650100984614
2022-06-15,22189.29,10.007365019019971,38083.05176344353,10.547524626540927
2022-06-18,20434.75,9.924992162011138,38230.794128583424,10.55139659886769
2022-06-21,20582.29,9.932186276278312,38379.01179550352,10.555266021327746
2022-06-24,21088.3,9.956473663301196,38527.70597888125,10.55913289727728
2022-06-27,21020.04,9.953231547378703,38676.877895695514,10.562997230065847
2022-06-30,20085.93,9.907774848932775,38826.52876523161,10.566859023036443
2022-07-03,19224.75,9.863953790388123,38976.65980908011,10.570718279525423
2022-07-06,20181.91,9.912541937595247,39127.27225114343,10.574575002862609
2022-07-09,21636.45,9.982134671443914,39278.36731763607,10.578429196371246
2022-07-12,19946.31,9.90079944280434,39429.94623708901,10.582280863368055
2022-07-15,20568.9,9.931535505281285,39582.010240352756,10.586130007163256
2022-07-18,20774.23,9.94146855525819,39734.560560598395,10.589976631060537
2022-07-21,23227.22,10.053080145766241,39887.59843332169,10.59382073835711
2022-07-24,22461.7,10.019566915543843,40041.12509634675,10.597662332343738
2022-07-27,21267.33,9.964927371400906,40195.141789827016,10.601501416304714
2022-07-30,23792.0,10.077104668699937,40349.64975624921,10.6053379935179
2022-08-02,23298.94,10.056163144956697,40504.65024043661,10.609172067254754
2022-08-05,22608.3,10.026072374475334,40660.14448955071,10.61300364078032
2022-08-08,23174.25,10.050797027450834,40816.1337530948,10.616832717353262
2022-08-11,23959.92,10.084137713325648,40972.61928291737,10.620659300225888
2022-08-14,24447.13,10.104268105600076,41129.60233321336,10.624483392644137
2022-08-17,23876.29,10.0806411953029,41287.08416052878,10.628304997847628
2022-08-20,20843.22,9.944783994488398,41445.066023762774,10.632124119069665
2022-08-23,21402.93,9.971283107525668,41603.54918417023,10.635940759537242
2022-08-26,21597.93,9.980352755746615,41762.53490536509,10.63975492247107
2022-08-29,19550.07,9.880734145969761,41922.024453323436,10.643566611085603
2022-09-01,20047.68,9.90586871531652,42082.01909638541,10.647375828589027
2022-09-04,19834.94,9.895200307987968,42242.520105259195,10.651182578183302
2022-09-07,18806.7,9.841968468307433,42403.52875302322,10.654986863064167
2022-09-10,21387.58,9.970565658696083,42565.046315129555,10.658788686421161
2022-09-13,22392.71,10.016490738445379,42727.07406940611,10.66258805143763
2022-09-16,19694.69,9.888104335245588,42889.613296060066,10.666384961290753
2022-09-19,19415.86,9.87384553683244,43052.66527768038,10.670179419151545
2022-09-22,18507.36,9.825923769787764,43216.23129924151,10.673971428184899
2022-09-25,18931.79,9.848597798634172,43380.3126481047,10.677760991549562
2022-09-28,19104.89,9.857699602209362,43544.91061402298,10.681548112398197
2022-10-01,19427.2,9.874429424936116,43710.026489141484,10.685332793877343
2022-10-04,19632.61,9.884947238187618,43875.661568003736,10.689115039127508
2022-10-07,19956.49,9.901309682698324,44041.81714755104,10.6928948512831
2022-10-10,19441.88,9.875184781157461,44208.49452712749,10.696672233472498
2022-10-13,19156.21,9.860382224025088,44375.69500848222,10.700447188818046
2022-10-16,19063.1,9.855509808264262,44543.419895772524,10.704219720436079
2022-10-19,19330.74,9.869451853932116,44711.67049556673,10.707989831436933
2022-10-22,19171.34,9.86117173448354,44880.44811684675,10.711757524924955
2022-10-25,19338.9,9.869873890450744,45049.7540710112,10.715522803998525
2022-10-28,20288.52,9.917810487823314,45219.58967187897,10.719285671750079
2022-10-31,20628.5,9.934428893775676,45389.95623569108,10.72304613126611
2022-11-03,20153.99,9.911157562660806,45560.855081114205,10.726804185627188
2022-11-06,21292.67,9.9661181610153,45732.28752924288,10.730559837907968
2022-11-09,18540.11,9.82769177221983,45904.25490360371,10.734313091177228
2022-11-12,16990.26,9.740395517668368,46076.75853015756,10.738063948497867
2022-11-15,16587.96,9.716432409981643,46249.79973730149,10.741812412926905
2022-11-18,16682.44,9.722111948188047,46423.37985587357,10.745558487515531
2022-11-21,16260.41,9.696488598036055,46597.50021915483,10.749302175309104
2022-11-24,16606.77,9.717565722529345,46772.162162871784,10.753043479347156
2022-11-27,16453.47,9.70829167619757,46947.367025199994,10.756782402663418
2022-11-30,16432.73,9.707030356692753,47123.116146766675,10.760518948285835
2022-12-03,17091.23,9.746320745433183,47299.41087065421,10.764253119236585
2022-12-06,16967.02,9.739026738801012,47476.2525424021,10.767984918532079
2022-12-09,17234.58,9.754673109637501,47653.642510010526,10.771714349182986
2022-12-12,17098.61,9.746752452637113,47831.58212394294,10.77544141419424
2022-12-15,17802.44,9.787090805537442,48010.07273712998,10.77916611656508
2022-12-18,16783.6,9.728157498130923,48189.11570497106,10.782888459289026
2022-12-21,16904.64,9.735343419440524,48368.7123853383,10.786608445353927
2022-12-24,16779.71,9.727925697392712,48548.86413857845,10.790326077741945
2022-12-27,16915.7,9.735997463746067,48729.572327516136,10.794041359429578
2022-12-30,16630.49,9.718993036575505,48910.83831745924,10.797754293387726
2023-01-02,16613.71,9.717983537088374,49092.663476197005,10.801464882581605
2023-01-05,16850.63,9.732143323805602,49275.049174007465,10.805173129970854
2023-01-08,16945.2,9.737739886863206,49457.996783657974,10.808879038509495
2023-01-11,17443.68,9.766732684377978,49641.50768040955,10.812582611145984
2023-01-14,19933.36,9.90014998906236,49825.58324201706,10.816283850823162
2023-01-17,21190.49,9.961307775110136,50010.224848737045,10.819982760478368
2023-01-20,21087.76,9.956448056357349,50195.43388332509,10.823679343043345
2023-01-23,22724.23,10.031187035083287,50381.211731043724,10.82737360144435
2023-01-26,23089.74,10.047143641999305,50567.559779661875,10.831065538602097
2023-01-29,23032.23,10.044649818348438,50754.479419459574,10.834755157431808
2023-02-01,23133.91,10.04905478546998,50941.97204323027,10.838442460843211
2023-02-04,23440.09,10.06220308327402,51130.03904628379,10.84212745174056
2023-02-07,22763.74,10.032924198115001,51318.6818264504,10.84581013302266
2023-02-10,21794.05,9.989392275743615,51507.90178408169,10.84949050758285
2023-02-13,21787.25,9.989080215293137,51697.70032205563,10.853168578309052
2023-02-16,24340.73,10.099906357874847,51888.07884577787,10.856844348083754
2023-02-19,24641.94,10.112205148314349,52079.03876318614,10.86051781978405
2023-02-22,24438.1,10.103898668855983,52270.581484752176,10.864188996281634
2023-02-25,23192.02,10.051563532967453,52462.70842348546,10.867857880442827
2023-02-28,23497.62,10.064654418407684,52655.42099493514,10.871524475128574
2023-03-03,23467.36,10.063365798496111,52848.720617194536,10.875188783194481
2023-03-06,22427.56,10.018045838716896,53042.608710901906,10.878850807490792
2023-03-09,21698.33,9.984990578041746,53237.0866992461,10.882510550862449
2023-03-12,20656.78,9.935798873798731,53432.156007967744,10.886168016149071
2023-03-15,24767.46,10.117285973826197,53627.81806536298,10.889823206184985
2023-03-18,27462.77,10.220586548233065,53824.074302285444,10.893476123799218
2023-03-21,27790.89,10.232463548132332,54020.92615215036,10.897126771815529
2023-03-24,28332.42,10.251762010990658,54218.375050937255,10.900775153052422
2023-03-27,27999.84,10.2399540748553,54416.42243719303,10.904421270323155
2023-03-30,28355.92,10.252591105698535,54615.069752034215,10.908065126435744
2023-04-02,28465.04,10.256431946618694,54814.31843915119,10.911706724192996
2023-04-05,28169.5,10.245995111334125,55014.169944809335,10.915346066392488
2023-04-08,27925.55,10.237297319356696,55214.625717854404,10.918983155826623
2023-04-11,29656.24,10.297427837595231,55415.687209714044,10.922617995282621
2023-04-14,30407.6,10.32244785614952,55617.35587440089,10.926250587542526
2023-04-17,30315.39,10.319410783341436,55819.63316851525,10.929880935383217
2023-04-20,28829.57,10.26915687550214,56022.52055124932,10.933509041576443
